stop_id,direction_id,direction_name
101,0,"Manhattan"
101,1,"Van Cortlandt Park - 242 St"
103,0,"Manhattan"
103,1,"Van Cortlandt Park - 242 St"
104,0,"Manhattan"
104,1,"Van Cortlandt Park - 242 St"
106,0,"Manhattan"
106,1,"Van Cortlandt Park - 242 St"
107,0,"Downtown"
107,1,"The Bronx"
108,0,"Downtown"
108,1,"Uptown and The Bronx"
109,0,"Downtown"
109,1,"Uptown and The Bronx"
110,0,"Downtown"
110,1,"Uptown and The Bronx"
111,0,"Downtown"
111,1,"Uptown and The Bronx"
112,0,"Downtown"
112,1,"Uptown and The Bronx"
113,0,"Downtown"
113,1,"Uptown and The Bronx"
114,0,"Downtown"
114,1,"Uptown and The Bronx"
115,0,"Downtown"
115,1,"Uptown and The Bronx"
116,0,"Downtown"
116,1,"Uptown and The Bronx"
117,0,"Downtown"
117,1,"Uptown and The Bronx"
118,0,"Downtown"
118,1,"Uptown and The Bronx"
119,0,"Downtown"
119,1,"Uptown and The Bronx"
120,0,"Downtown and Brooklyn"
120,1,"Uptown and The Bronx"
121,0,"Downtown and Brooklyn"
121,1,"Uptown and The Bronx"
122,0,"Downtown and Brooklyn"
122,1,"Uptown and The Bronx"
123,0,"Downtown and Brooklyn"
123,1,"Uptown and The Bronx"
124,0,"Downtown and Brooklyn"
124,1,"Uptown and The Bronx"
125,0,"Downtown and Brooklyn"
125,1,"Uptown and The Bronx"
126,0,"Downtown and Brooklyn"
126,1,"Uptown and The Bronx"
127,0,"Downtown and Brooklyn"
127,1,"Uptown and The Bronx"
128,0,"Downtown and Brooklyn"
128,1,"Uptown and The Bronx"
129,0,"Downtown and Brooklyn"
129,1,"Uptown and The Bronx"
130,0,"Downtown and Brooklyn"
130,1,"Uptown and The Bronx"
131,0,"Downtown and Brooklyn"
131,1,"Uptown and The Bronx"
132,0,"Downtown and Brooklyn"
132,1,"Uptown and The Bronx"
133,0,"Downtown and Brooklyn"
133,1,"Uptown and The Bronx"
134,0,"Downtown and Brooklyn"
134,1,"Uptown and The Bronx"
135,0,"Downtown and Brooklyn"
135,1,"Uptown and The Bronx"
136,0,"Downtown and Brooklyn"
136,1,"Uptown and The Bronx"
137,0,"Downtown and Brooklyn"
137,1,"Uptown and The Bronx"
138,0,"Downtown (South Ferry)"
138,1,"Uptown and The Bronx"
139,0,"Downtown (South Ferry)"
139,1,"Uptown and The Bronx"
140,0,"Downtown (South Ferry)"
140,1,"Uptown and The Bronx"
142,0,"Downtown (South Ferry)"
142,1,"Uptown and The Bronx"
201,0,"Manhattan"
201,1,"Wakefield - 241 St"
204,0,"Manhattan"
204,1,"Wakefield - 241 St"
205,0,"Manhattan"
205,1,"Wakefield - 241 St"
206,0,"Manhattan"
206,1,"Wakefield - 241 St"
207,0,"Manhattan"
207,1,"Wakefield - 241 St"
208,0,"Manhattan"
208,1,"Wakefield - 241 St"
209,0,"Manhattan"
209,1,"Wakefield - 241 St"
210,0,"Manhattan"
210,1,"Wakefield - 241 St"
211,0,"Manhattan"
211,1,"Wakefield - 241 St"
212,0,"Manhattan"
212,1,"Wakefield - 241 St"
213,0,"Manhattan"
213,1,"Eastchester - Dyre Av and Wakefield - 241 St"
214,0,"Manhattan"
214,1,"Eastchester - Dyre Av and Wakefield - 241 St"
215,0,"Manhattan"
215,1,"Eastchester - Dyre Av and Wakefield - 241 St"
216,0,"Manhattan"
216,1,"Eastchester - Dyre Av and Wakefield - 241 St"
217,0,"Manhattan"
217,1,"Eastchester - Dyre Av and Wakefield - 241 St"
218,0,"Manhattan"
218,1,"Eastchester - Dyre Av and Wakefield - 241 St"
219,0,"Manhattan"
219,1,"Eastchester - Dyre Av and Wakefield - 241 St"
220,0,"Manhattan"
220,1,"Eastchester - Dyre Av and Wakefield - 241 St"
221,0,"Manhattan"
221,1,"Eastchester - Dyre Av and Wakefield - 241 St"
222,0,"Manhattan"
222,1,"Eastchester - Dyre Av and Wakefield - 241 St"
224,0,"Downtown and Brooklyn"
224,1,"Uptown and The Bronx"
225,0,"Downtown and Brooklyn"
225,1,"Uptown and The Bronx"
226,0,"Downtown and Brooklyn"
226,1,"Uptown and The Bronx"
227,0,"Downtown and Brooklyn"
227,1,"Uptown and The Bronx"
228,0,"Downtown and Brooklyn"
228,1,"Uptown and The Bronx"
229,0,"Downtown and Brooklyn"
229,1,"Uptown and The Bronx"
230,0,"Brooklyn"
230,1,"Uptown and The Bronx"
231,0,"New Lots Av and Flatbush Av"
231,1,"Manhattan"
232,0,"New Lots Av and Flatbush Av"
232,1,"Manhattan"
233,0,"New Lots Av and Flatbush Av"
233,1,"Manhattan"
234,0,"New Lots Av and Flatbush Av"
234,1,"Manhattan"
235,0,"New Lots Av and Flatbush Av"
235,1,"Manhattan"
236,0,"New Lots Av and Flatbush Av"
236,1,"Manhattan"
237,0,"New Lots Av and Flatbush Av"
237,1,"Manhattan"
238,0,"New Lots Av and Flatbush Av"
238,1,"Manhattan"
239,0,"New Lots Av and Flatbush Av"
239,1,"Manhattan"
241,0,"Flatbush Av - Brooklyn College"
241,1,"Manhattan"
242,0,"Flatbush Av - Brooklyn College"
242,1,"Manhattan"
243,0,"Flatbush Av - Brooklyn College"
243,1,"Manhattan"
244,0,"Flatbush Av - Brooklyn College"
244,1,"Manhattan"
245,0,"Flatbush Av - Brooklyn College"
245,1,"Manhattan"
246,0,"Flatbush Av - Brooklyn College"
246,1,"Manhattan"
247,0,"Flatbush Av - Brooklyn College"
247,1,"Manhattan"
248,0,"Flatbush Av - Brooklyn College"
248,1,"Manhattan"
249,0,"Flatbush Av - Brooklyn College"
249,1,"Manhattan"
250,0,"Flatbush Av - Brooklyn College"
250,1,"Manhattan"
251,0,"Flatbush Av - Brooklyn College"
251,1,"Manhattan"
252,0,"Flatbush Av - Brooklyn College"
252,1,"Manhattan"
253,0,"Flatbush Av - Brooklyn College"
253,1,"Manhattan"
254,0,"Flatbush Av - Brooklyn College"
254,1,"Manhattan"
255,0,"Flatbush Av - Brooklyn College"
255,1,"Manhattan"
256,0,"Flatbush Av - Brooklyn College"
256,1,"Manhattan"
257,0,"Flatbush Av - Brooklyn College"
257,1,"Manhattan"
301,0,"Downtown and Brooklyn"
301,1,"Harlem - 148 St"
302,0,"Downtown and Brooklyn"
302,1,"Harlem - 148 St"
401,0,"Manhattan"
401,1,"Woodlawn"
402,0,"Manhattan"
402,1,"Woodlawn"
405,0,"Manhattan"
405,1,"Woodlawn"
406,0,"Manhattan"
406,1,"Woodlawn"
407,0,"Manhattan"
407,1,"Woodlawn"
408,0,"Manhattan"
408,1,"Woodlawn"
409,0,"Manhattan"
409,1,"Woodlawn"
410,0,"Manhattan"
410,1,"Woodlawn"
411,0,"Manhattan"
411,1,"Woodlawn"
412,0,"Manhattan"
412,1,"Woodlawn"
413,0,"Manhattan"
413,1,"Woodlawn"
414,0,"Manhattan"
414,1,"Woodlawn"
415,0,"Manhattan"
415,1,"Woodlawn"
416,0,"Manhattan"
416,1,"Woodlawn and Eastchester - Dyre Av"
418,0,"Downtown and Brooklyn"
418,1,"Uptown and The Bronx"
419,0,"Downtown and Brooklyn"
419,1,"Uptown and The Bronx"
420,0,"Brooklyn"
420,1,"Uptown and The Bronx"
423,0,"New Lots Av and Flatbush Av"
423,1,"Manhattan"
501,0,"Manhattan"
501,1,"Eastchester - Dyre Av"
502,0,"Manhattan"
502,1,"Eastchester - Dyre Av"
503,0,"Manhattan"
503,1,"Eastchester - Dyre Av"
504,0,"Manhattan"
504,1,"Eastchester - Dyre Av"
505,0,"Manhattan"
505,1,"Eastchester - Dyre Av"
601,0,"Manhattan"
601,1,"Pelham Bay Park"
602,0,"Manhattan"
602,1,"Pelham Bay Park"
603,0,"Manhattan"
603,1,"Pelham Bay Park"
604,0,"Manhattan"
604,1,"Pelham Bay Park"
606,0,"Manhattan"
606,1,"Pelham Bay Park"
607,0,"Manhattan"
607,1,"Pelham Bay Park"
608,0,"Manhattan"
608,1,"Pelham Bay Park"
609,0,"Manhattan"
609,1,"Pelham Bay Park"
610,0,"Manhattan"
610,1,"Pelham Bay Park"
611,0,"Manhattan"
611,1,"Pelham Bay Park"
612,0,"Manhattan"
612,1,"Pelham Bay Park"
613,0,"Manhattan"
613,1,"Pelham Bay Park"
614,0,"Manhattan"
614,1,"Pelham Bay Park"
615,0,"Manhattan"
615,1,"Pelham Bay Park"
616,0,"Manhattan"
616,1,"Pelham Bay Park"
617,0,"Manhattan"
617,1,"Pelham Bay Park"
618,0,"Manhattan"
618,1,"Pelham Bay Park"
619,0,"Manhattan"
619,1,"Pelham Bay Park"
621,0,"Downtown and Brooklyn"
621,1,"The Bronx"
622,0,"Downtown and Brooklyn"
622,1,"Uptown and The Bronx"
623,0,"Downtown and Brooklyn"
623,1,"Uptown and The Bronx"
624,0,"Downtown and Brooklyn"
624,1,"Uptown and The Bronx"
625,0,"Downtown and Brooklyn"
625,1,"Uptown and The Bronx"
626,0,"Downtown and Brooklyn"
626,1,"Uptown and The Bronx"
627,0,"Downtown and Brooklyn"
627,1,"Uptown and The Bronx"
628,0,"Downtown and Brooklyn"
628,1,"Uptown and The Bronx"
629,0,"Downtown and Brooklyn"
629,1,"Uptown and The Bronx"
630,0,"Downtown and Brooklyn"
630,1,"Uptown and The Bronx"
631,0,"Downtown and Brooklyn"
631,1,"Uptown and The Bronx"
632,0,"Downtown and Brooklyn"
632,1,"Uptown and The Bronx"
633,0,"Downtown and Brooklyn"
633,1,"Uptown and The Bronx"
634,0,"Downtown and Brooklyn"
634,1,"Uptown and The Bronx"
635,0,"Downtown and Brooklyn"
635,1,"Uptown and The Bronx"
636,0,"Downtown and Brooklyn"
636,1,"Uptown and The Bronx"
637,0,"Downtown and Brooklyn"
637,1,"Uptown and The Bronx"
638,0,"Downtown and Brooklyn"
638,1,"Uptown and The Bronx"
639,0,"Downtown and Brooklyn"
639,1,"Uptown and The Bronx"
640,0,"Downtown and Brooklyn"
640,1,"Uptown and The Bronx"
701,0,"Manhattan"
701,1,"Flushing - Main St"
702,0,"Manhattan"
702,1,"Flushing - Main St"
705,0,"Manhattan"
705,1,"Flushing - Main St"
706,0,"Manhattan"
706,1,"Flushing - Main St"
707,0,"Manhattan"
707,1,"Flushing - Main St"
708,0,"Manhattan"
708,1,"Flushing - Main St"
709,0,"Manhattan"
709,1,"Flushing - Main St"
710,0,"Manhattan"
710,1,"Flushing - Main St"
711,0,"Manhattan"
711,1,"Flushing - Main St"
712,0,"Manhattan"
712,1,"Flushing - Main St"
713,0,"Manhattan"
713,1,"Flushing - Main St"
714,0,"Manhattan"
714,1,"Flushing - Main St"
715,0,"Manhattan"
715,1,"Flushing - Main St"
716,0,"Manhattan"
716,1,"Flushing - Main St"
718,0,"Manhattan"
718,1,"Flushing - Main St"
719,0,"Manhattan"
719,1,"Flushing - Main St"
720,0,"Manhattan"
720,1,"Flushing - Main St"
721,0,"Manhattan"
721,1,"Flushing - Main St"
723,0,"34 St - Hudson Yards"
723,1,"Queens"
724,0,"34 St - Hudson Yards"
724,1,"Queens"
725,0,"34 St - Hudson Yards"
725,1,"Queens"
726,0,"34 St - Hudson Yards"
726,1,"Queens"
901,0,"Times Square"
901,1,"Grand Central"
902,0,"Times Square"
902,1,"Grand Central"
A02,0,"Downtown and Brooklyn"
A02,1,"Inwood - 207 St"
A03,0,"Downtown and Brooklyn"
A03,1,"Inwood - 207 St"
A05,0,"Downtown and Brooklyn"
A05,1,"Inwood - 207 St"
A06,0,"Downtown and Brooklyn"
A06,1,"Inwood - 207 St"
A07,0,"Downtown and Brooklyn"
A07,1,"Inwood - 207 St"
A09,0,"Downtown and Brooklyn"
A09,1,"Inwood - 207 St"
A10,0,"Downtown and Brooklyn"
A10,1,"Inwood - 207 St"
A11,0,"Downtown and Brooklyn"
A11,1,"Inwood - 207 St"
A12,0,"Downtown and Brooklyn"
A12,1,"Uptown and The Bronx"
A14,0,"Downtown and Brooklyn"
A14,1,"Uptown and The Bronx"
A15,0,"Downtown and Brooklyn"
A15,1,"Uptown and The Bronx"
A16,0,"Downtown and Brooklyn"
A16,1,"Uptown and The Bronx"
A17,0,"Downtown and Brooklyn"
A17,1,"Uptown and The Bronx"
A18,0,"Downtown and Brooklyn"
A18,1,"Uptown and The Bronx"
A19,0,"Downtown and Brooklyn"
A19,1,"Uptown and The Bronx"
A20,0,"Downtown and Brooklyn"
A20,1,"Uptown and The Bronx"
A21,0,"Downtown and Brooklyn"
A21,1,"Uptown and The Bronx"
A22,0,"Downtown and Brooklyn"
A22,1,"Uptown and The Bronx"
A24,0,"Downtown and Brooklyn"
A24,1,"Uptown and The Bronx"
A25,0,"Downtown and Brooklyn"
A25,1,"Uptown and The Bronx"
A27,0,"Downtown and Brooklyn"
A27,1,"Uptown and The Bronx"
A28,0,"Downtown and Brooklyn"
A28,1,"Uptown and The Bronx"
A30,0,"Downtown and Brooklyn"
A30,1,"Uptown and The Bronx"
A31,0,"Downtown and Brooklyn"
A31,1,"Uptown and The Bronx"
A32,0,"Downtown and Brooklyn"
A32,1,"Uptown and The Bronx"
A33,0,"Downtown and Brooklyn"
A33,1,"Uptown and The Bronx"
A34,0,"Downtown and Brooklyn"
A34,1,"Uptown and The Bronx"
A36,0,"Downtown and Brooklyn"
A36,1,"Uptown and The Bronx"
A38,0,"Brooklyn"
A38,1,"Uptown and The Bronx"
A40,0,"Lefferts Blvd and The Rockaways"
A40,1,"Manhattan"
A41,0,"Lefferts Blvd and The Rockaways"
A41,1,"Manhattan"
A42,0,"Lefferts Blvd and The Rockaways"
A42,1,"Manhattan"
A43,0,"Lefferts Blvd and The Rockaways"
A43,1,"Manhattan"
A44,0,"Lefferts Blvd and The Rockaways"
A44,1,"Manhattan"
A45,0,"Lefferts Blvd and The Rockaways"
A45,1,"Manhattan"
A46,0,"Lefferts Blvd and The Rockaways"
A46,1,"Manhattan"
A47,0,"Lefferts Blvd and The Rockaways"
A47,1,"Manhattan"
A48,0,"Lefferts Blvd and The Rockaways"
A48,1,"Manhattan"
A49,0,"Lefferts Blvd and The Rockaways"
A49,1,"Manhattan"
A50,0,"Lefferts Blvd and The Rockaways"
A50,1,"Manhattan"
A51,0,"Lefferts Blvd and The Rockaways"
A51,1,"Manhattan"
A52,0,"Lefferts Blvd and The Rockaways"
A52,1,"Manhattan"
A53,0,"Lefferts Blvd and The Rockaways"
A53,1,"Manhattan"
A54,0,"Lefferts Blvd and The Rockaways"
A54,1,"Manhattan"
A55,0,"Lefferts Blvd and The Rockaways"
A55,1,"Manhattan"
A57,0,"Lefferts Blvd and The Rockaways"
A57,1,"Manhattan"
A59,0,"Lefferts Blvd and The Rockaways"
A59,1,"Manhattan"
A60,0,"Lefferts Blvd and The Rockaways"
A60,1,"Manhattan"
A61,0,"Lefferts Blvd and The Rockaways"
A61,1,"Manhattan"
A63,0,"Lefferts Blvd - Ozone Park"
A63,1,"Manhattan"
A64,0,"Lefferts Blvd - Ozone Park"
A64,1,"Manhattan"
A65,0,"Lefferts Blvd - Ozone Park"
A65,1,"Manhattan"
B04,0,"Forest Hills and Jamaica"
B04,1,"Manhattan"
B06,0,"Queens"
B06,1,"Manhattan"
B08,0,"Downtown and Brooklyn"
B08,1,"Uptown via 2nd Av"
B10,0,"Uptown and Queens"
B10,1,"Manhattan"
B12,0,"Coney Island - Stillwell Av"
B12,1,"Manhattan"
B13,0,"Coney Island - Stillwell Av"
B13,1,"Manhattan"
B14,0,"Coney Island - Stillwell Av"
B14,1,"Manhattan"
B15,0,"Coney Island - Stillwell Av"
B15,1,"Manhattan"
B16,0,"Coney Island - Stillwell Av"
B16,1,"Manhattan"
B17,0,"Coney Island - Stillwell Av"
B17,1,"Manhattan"
B18,0,"Coney Island - Stillwell Av"
B18,1,"Manhattan"
B19,0,"Coney Island - Stillwell Av"
B19,1,"Manhattan"
B20,0,"Coney Island - Stillwell Av"
B20,1,"Manhattan"
B21,0,"Coney Island - Stillwell Av"
B21,1,"Manhattan"
B22,0,"Coney Island - Stillwell Av"
B22,1,"Manhattan"
B23,0,"Coney Island - Stillwell Av"
B23,1,"Manhattan"
D01,0,"Manhattan"
D01,1,"Norwood - 205 St"
D03,0,"Manhattan"
D03,1,"Norwood - 205 St"
D04,0,"Manhattan"
D04,1,"Norwood - 205 St"
D05,0,"Manhattan"
D05,1,"Norwood - 205 St"
D06,0,"Manhattan"
D06,1,"Norwood - 205 St"
D07,0,"Manhattan"
D07,1,"Norwood - 205 St"
D08,0,"Manhattan"
D08,1,"Norwood - 205 St"
D09,0,"Manhattan"
D09,1,"Norwood - 205 St"
D10,0,"Manhattan"
D10,1,"Norwood - 205 St"
D11,0,"Manhattan"
D11,1,"Norwood - 205 St"
D12,0,"Downtown and Brooklyn"
D12,1,"The Bronx"
D13,0,"Downtown and Brooklyn"
D13,1,"Uptown and The Bronx"
D14,0,"Downtown and Brooklyn"
D14,1,"Uptown and The Bronx"
D15,0,"Downtown and Brooklyn"
D15,1,"Uptown and The Bronx"
D16,0," Queens and The Bronx"
D16,1,"Uptown"
D17,0," Queens and The Bronx"
D17,1,"Uptown"
D18,0," Queens and The Bronx"
D18,1,"Uptown"
D19,0," Queens and The Bronx"
D19,1,"Uptown"
D20,0," Queens and The Bronx"
D20,1,"Uptown"
D21,0," Queens and The Bronx"
D21,1,"Uptown"
D22,0,"Brooklyn"
D22,1,"Uptown and The Bronx"
D24,0,"Coney Island and Brighton Beach"
D24,1,"Manhattan"
D25,0,"Coney Island and Brighton Beach"
D25,1,"Manhattan"
D26,0,"Coney Island and Brighton Beach"
D26,1,"Manhattan"
D27,0,"Coney Island and Brighton Beach"
D27,1,"Manhattan"
D28,0,"Coney Island and Brighton Beach"
D28,1,"Manhattan"
D29,0,"Coney Island and Brighton Beach"
D29,1,"Manhattan"
D30,0,"Coney Island and Brighton Beach"
D30,1,"Manhattan"
D31,0,"Coney Island and Brighton Beach"
D31,1,"Manhattan"
D32,0,"Coney Island and Brighton Beach"
D32,1,"Manhattan"
D33,0,"Coney Island and Brighton Beach"
D33,1,"Manhattan"
D34,0,"Coney Island and Brighton Beach"
D34,1,"Manhattan"
D35,0,"Coney Island and Brighton Beach"
D35,1,"Manhattan"
D37,0,"Coney Island and Brighton Beach"
D37,1,"Manhattan"
D38,0,"Coney Island and Brighton Beach"
D38,1,"Manhattan"
D39,0,"Coney Island and Brighton Beach"
D39,1,"Manhattan"
D40,0,"Coney Island and Brighton Beach"
D40,1,"Manhattan"
D41,0,"Coney Island - Stillwell Av"
D41,1,"Manhattan"
D42,0,"Coney Island - Stillwell Av"
D42,1,"Manhattan"
D43,0,"Coney Island - Stillwell Av"
D43,1,"Manhattan"
E01,0,"World Trade Center"
E01,1,"Uptown and Queens"
F01,0,"Manhattan"
F01,1,"Jamaica - 179 St"
F02,0,"Manhattan"
F02,1,"Jamaica - 179 St"
F03,0,"Manhattan"
F03,1,"Jamaica - 179 St"
F04,0,"Manhattan"
F04,1,"Jamaica - 179 St"
F05,0,"Manhattan"
F05,1,"Jamaica"
F06,0,"Manhattan"
F06,1,"Jamaica"
F07,0,"Manhattan"
F07,1,"Jamaica"
F09,0,"Manhattan"
F09,1,"Forest Hills and Jamaica"
F11,0,"Downtown and Brooklyn"
F11,1,"Queens"
F12,0,"Downtown and Brooklyn"
F12,1,"Queens"
F14,0,"Downtown and Brooklyn"
F14,1,"Uptown and Queens"
F15,0,"Downtown and Brooklyn"
F15,1,"Uptown and Queens"
F16,0,"Brooklyn"
F16,1,"Uptown and Queens"
F18,0,"Coney Island - Stillwell Av"
F18,1,"Manhattan"
F20,0,"Church Av and Coney Island"
F20,1,"Manhattan and Queens"
F21,0,"Church Av and Coney Island"
F21,1,"Manhattan and Queens"
F22,0,"Church Av and Coney Island"
F22,1,"Manhattan and Queens"
F23,0,"Church Av and Coney Island"
F23,1,"Manhattan and Queens"
F24,0,"Church Av and Coney Island"
F24,1,"Manhattan and Queens"
F25,0,"Church Av and Coney Island"
F25,1,"Manhattan and Queens"
F26,0,"Church Av and Coney Island"
F26,1,"Manhattan and Queens"
F27,0,"Church Av and Coney Island"
F27,1,"Manhattan and Queens"
F29,0,"Coney Island - Stillwell Av"
F29,1,"Manhattan"
F30,0,"Coney Island - Stillwell Av"
F30,1,"Manhattan"
F31,0,"Coney Island - Stillwell Av"
F31,1,"Manhattan"
F32,0,"Coney Island - Stillwell Av"
F32,1,"Manhattan"
F33,0,"Coney Island - Stillwell Av"
F33,1,"Manhattan"
F34,0,"Coney Island - Stillwell Av"
F34,1,"Manhattan"
F35,0,"Coney Island - Stillwell Av"
F35,1,"Manhattan"
F36,0,"Coney Island - Stillwell Av"
F36,1,"Manhattan"
F38,0,"Coney Island - Stillwell Av"
F38,1,"Manhattan"
F39,0,"Coney Island - Stillwell Av"
F39,1,"Manhattan"
G05,0,"Manhattan"
G05,1,"Jamaica Center"
G06,0,"Manhattan"
G06,1,"Jamaica Center"
G07,0,"Manhattan"
G07,1,"Jamaica Center"
G08,0,"Manhattan"
G08,1,"Forest Hills and Jamaica"
G09,0,"Manhattan"
G09,1,"Forest Hills and Jamaica"
G10,0,"Manhattan"
G10,1,"Forest Hills and Jamaica"
G11,0,"Manhattan"
G11,1,"Forest Hills and Jamaica"
G12,0,"Manhattan"
G12,1,"Forest Hills and Jamaica"
G13,0,"Manhattan"
G13,1,"Forest Hills and Jamaica"
G14,0,"Manhattan"
G14,1,"Forest Hills and Jamaica"
G15,0,"Manhattan"
G15,1,"Forest Hills and Jamaica"
G16,0,"Manhattan"
G16,1,"Forest Hills and Jamaica"
G18,0,"Manhattan"
G18,1,"Forest Hills and Jamaica"
G19,0,"Manhattan"
G19,1,"Forest Hills and Jamaica"
G20,0,"Manhattan"
G20,1,"Forest Hills and Jamaica"
G21,0,"Manhattan"
G21,1,"Forest Hills and Jamaica"
G22,0,"Brooklyn"
G22,1,"Court Sq - 21 St"
G24,0,"Brooklyn"
G24,1,"Court Sq - 21 St"
G26,0,"Church Av"
G26,1,"Queens"
G28,0,"Church Av"
G28,1,"Queens"
G29,0,"Church Av"
G29,1,"Queens"
G30,0,"Church Av"
G30,1,"Queens"
G31,0,"Church Av"
G31,1,"Queens"
G32,0,"Church Av"
G32,1,"Queens"
G33,0,"Church Av"
G33,1,"Queens"
G34,0,"Church Av"
G34,1,"Queens"
G35,0,"Church Av"
G35,1,"Queens"
G36,0,"Church Av"
G36,1,"Queens"
H01,0,"The Rockaways"
H01,1,"Manhattan"
H02,0,"The Rockaways"
H02,1,"Manhattan"
H03,0,"The Rockaways"
H03,1,"Manhattan"
H04,0,"The Rockaways"
H04,1,"Manhattan"
H06,0,"Far Rockaway"
H06,1,"Manhattan"
H07,0,"Far Rockaway"
H07,1,"Manhattan"
H08,0,"Far Rockaway"
H08,1,"Manhattan"
H09,0,"Far Rockaway"
H09,1,"Manhattan"
H10,0,"Far Rockaway"
H10,1,"Manhattan"
H11,0,"Far Rockaway"
H11,1,"Manhattan"
H12,0,"Rockaway Park - Beach 116 St"
H12,1,"Manhattan"
H13,0,"Rockaway Park - Beach 116 St"
H13,1,"Manhattan"
H14,0,"Rockaway Park - Beach 116 St"
H14,1,"Manhattan"
H15,0,"Rockaway Park - Beach 116 St"
H15,1,"Manhattan"
H19,0,"Manhattan"
H19,1,"Jamaica Center"
J12,0,"Manhattan"
J12,1,"Jamaica Center"
J13,0,"Manhattan"
J13,1,"Jamaica Center"
J14,0,"Manhattan"
J14,1,"Jamaica Center"
J15,0,"Manhattan"
J15,1,"Jamaica Center"
J16,0,"Manhattan"
J16,1,"Jamaica Center"
J17,0,"Manhattan"
J17,1,"Jamaica Center"
J19,0,"Manhattan"
J19,1,"Jamaica Center"
J20,0,"Manhattan"
J20,1,"Jamaica Center"
J21,0,"Manhattan"
J21,1,"Jamaica Center"
J22,0,"Manhattan"
J22,1,"Jamaica Center"
J23,0,"Manhattan"
J23,1,"Jamaica Center"
J24,0,"Manhattan"
J24,1,"Jamaica Center"
J27,0,"Manhattan"
J27,1,"Jamaica Center"
J28,0,"Manhattan"
J28,1,"Jamaica Center"
J29,0,"Manhattan"
J29,1,"Jamaica Center"
J30,0,"Manhattan"
J30,1,"Jamaica Center"
J31,0,"Manhattan"
J31,1,"Jamaica Center"
L01,0,"East Side and Brooklyn"
L01,1,"West Side (8 Av)"
L02,0,"East Side and Brooklyn"
L02,1,"West Side (8 Av)"
L03,0,"East Side and Brooklyn"
L03,1,"West Side (8 Av)"
L05,0,"East Side and Brooklyn"
L05,1,"West Side (8 Av)"
L06,0,"East Side and Brooklyn"
L06,1,"West Side (8 Av)"
L08,0,"Rockaway Pkwy - Canarsie"
L08,1,"Manhattan"
L10,0,"Rockaway Pkwy - Canarsie"
L10,1,"Manhattan"
L11,0,"Rockaway Pkwy - Canarsie"
L11,1,"Manhattan"
L12,0,"Rockaway Pkwy - Canarsie"
L12,1,"Manhattan"
L13,0,"Rockaway Pkwy - Canarsie"
L13,1,"Manhattan"
L14,0,"Rockaway Pkwy - Canarsie"
L14,1,"Manhattan"
L15,0,"Rockaway Pkwy - Canarsie"
L15,1,"Manhattan"
L16,0,"Rockaway Pkwy - Canarsie"
L16,1,"Manhattan"
L17,0,"Rockaway Pkwy - Canarsie"
L17,1,"Manhattan"
L19,0,"Rockaway Pkwy - Canarsie"
L19,1,"Manhattan"
L20,0,"Rockaway Pkwy - Canarsie"
L20,1,"Manhattan"
L21,0,"Rockaway Pkwy - Canarsie"
L21,1,"Manhattan"
L22,0,"Rockaway Pkwy - Canarsie"
L22,1,"Manhattan"
L24,0,"Rockaway Pkwy - Canarsie"
L24,1,"Manhattan"
L25,0,"Rockaway Pkwy - Canarsie"
L25,1,"Manhattan"
L26,0,"Rockaway Pkwy - Canarsie"
L26,1,"Manhattan"
L27,0,"Rockaway Pkwy - Canarsie"
L27,1,"Manhattan"
L28,0,"Rockaway Pkwy - Canarsie"
L28,1,"Manhattan"
L29,0,"Rockaway Pkwy - Canarsie"
L29,1,"Manhattan"
M01,0,"Middle Village - Metropolitan Av"
M01,1,"Manhattan"
M04,0,"Middle Village - Metropolitan Av"
M04,1,"Manhattan"
M05,0,"Middle Village - Metropolitan Av"
M05,1,"Manhattan"
M06,0,"Middle Village - Metropolitan Av"
M06,1,"Manhattan"
M08,0,"Middle Village - Metropolitan Av"
M08,1,"Manhattan"
M09,0,"Middle Village - Metropolitan Av"
M09,1,"Manhattan"
M10,0,"Middle Village - Metropolitan Av"
M10,1,"Manhattan"
M11,0,"Jamaica Center and Middle Village"
M11,1,"Manhattan"
M12,0,"Jamaica Center and Middle Village"
M12,1,"Manhattan"
M13,0,"Jamaica Center and Middle Village"
M13,1,"Manhattan"
M14,0,"Jamaica Center and Middle Village"
M14,1,"Manhattan"
M16,0,"Jamaica Center and Middle Village"
M16,1,"Manhattan"
M18,0,"Brooklyn"
M18,1,"Downtown and Uptown"
M19,0,"Uptown and Brooklyn"
M19,1,"Downtown (Broad St)"
M20,0,"Uptown and Brooklyn"
M20,1,"Downtown (Broad St)"
M21,0,"Uptown and Brooklyn"
M21,1,"Downtown (Broad St)"
M22,0,"Uptown and Brooklyn"
M22,1,"Downtown (Broad St)"
M23,0,"Uptown and Brooklyn"
M23,1,"Downtown (Broad St)"
N02,0,"Coney Island - Stillwell Av"
N02,1,"Manhattan"
N03,0,"Coney Island - Stillwell Av"
N03,1,"Manhattan"
N04,0,"Coney Island - Stillwell Av"
N04,1,"Manhattan"
N05,0,"Coney Island - Stillwell Av"
N05,1,"Manhattan"
N06,0,"Coney Island - Stillwell Av"
N06,1,"Manhattan"
N07,0,"Coney Island - Stillwell Av"
N07,1,"Manhattan"
N08,0,"Coney Island - Stillwell Av"
N08,1,"Manhattan"
N09,0,"Coney Island - Stillwell Av"
N09,1,"Manhattan"
N10,0,"Coney Island - Stillwell Av"
N10,1,"Manhattan"
N12,0,"Downtown and Brooklyn"
N12,1,"Uptown and Queens"
Q01,0,"Downtown and Brooklyn"
Q01,1,"Uptown and Queens"
Q03,0,"Downtown and Brooklyn"
Q03,1,"Uptown (96 St)"
Q04,0,"Downtown and Brooklyn"
Q04,1,"Uptown (96 St)"
Q05,0,"Downtown and Brooklyn"
Q05,1,"Uptown (96 St)"
R01,0,"Manhattan"
R01,1,"Astoria - Ditmars Blvd"
R03,0,"Manhattan"
R03,1,"Astoria - Ditmars Blvd"
R04,0,"Manhattan"
R04,1,"Astoria - Ditmars Blvd"
R05,0,"Manhattan"
R05,1,"Astoria - Ditmars Blvd"
R06,0,"Manhattan"
R06,1,"Astoria - Ditmars Blvd"
R08,0,"Manhattan"
R08,1,"Astoria - Ditmars Blvd"
R09,0,"Manhattan"
R09,1,"Astoria - Ditmars Blvd"
R11,0,"Downtown and Brooklyn"
R11,1,"East Side and Queens"
R13,0,"Downtown and Brooklyn"
R13,1,"East Side and Queens"
R14,0,"Downtown and Brooklyn"
R14,1,"East Side and Queens"
R15,0,"Downtown and Brooklyn"
R15,1,"Uptown and Queens"
R16,0,"Downtown and Brooklyn"
R16,1,"Uptown and Queens"
R17,0,"Downtown and Brooklyn"
R17,1,"Uptown and Queens"
R18,0,"Downtown and Brooklyn"
R18,1,"Uptown and Queens"
R19,0,"Downtown and Brooklyn"
R19,1,"Uptown and Queens"
R20,0,"Downtown and Brooklyn"
R20,1,"Uptown and Queens"
R21,0,"Downtown and Brooklyn"
R21,1,"Uptown and Queens"
R22,0,"Downtown and Brooklyn"
R22,1,"Uptown and Queens"
R23,0,"Downtown and Brooklyn"
R23,1,"Uptown and Queens"
R24,0,"Downtown and Brooklyn"
R24,1,"Uptown and Queens"
R25,0,"Downtown and Brooklyn"
R25,1,"Uptown and Queens"
R26,0,"Downtown and Brooklyn"
R26,1,"Uptown and Queens"
R27,0,"Brooklyn"
R27,1,"Uptown and Queens"
R28,0,"Bay Ridge"
R28,1,"Manhattan"
R29,0,"Bay Ridge"
R29,1,"Manhattan"
R30,0,"Coney Island and Bay Ridge"
R30,1,"Manhattan"
R31,0,"Coney Island and Bay Ridge"
R31,1,"Manhattan"
R32,0,"Coney Island and Bay Ridge"
R32,1,"Manhattan"
R33,0,"Coney Island and Bay Ridge"
R33,1,"Manhattan"
R34,0,"Coney Island and Bay Ridge"
R34,1,"Manhattan"
R35,0,"Coney Island and Bay Ridge"
R35,1,"Manhattan"
R36,0,"Coney Island and Bay Ridge"
R36,1,"Manhattan"
R39,0,"Coney Island and Bay Ridge"
R39,1,"Manhattan"
R40,0,"Coney Island and Bay Ridge"
R40,1,"Manhattan"
R41,0,"Coney Island and Bay Ridge"
R41,1,"Manhattan"
R42,0,"Bay Ridge - 95 St"
R42,1,"Manhattan"
R43,0,"Bay Ridge - 95 St"
R43,1,"Manhattan"
R44,0,"Bay Ridge - 95 St"
R44,1,"Manhattan"
R45,0,"Bay Ridge - 95 St"
R45,1,"Manhattan"
S01,0,"Prospect Park"
S01,1,"Franklin Av"
S03,0,"Prospect Park"
S03,1,"Franklin Av"
S04,0,"Prospect Park"
S04,1,"Franklin Av"
S09,0,"Tottenville"
S09,1,"St. George"
S10,0,"Tottenville"
S10,1,"St. George"
S11,0,"Tottenville"
S11,1,"St. George"
S12,0,"Tottenville"
S12,1,"St. George"
S13,0,"Tottenville"
S13,1,"St. George"
S14,0,"Tottenville"
S14,1,"St. George"
S15,0,"Tottenville"
S15,1,"St. George"
S16,0,"Tottenville"
S16,1,"St. George"
S17,0,"Tottenville"
S17,1,"St. George"
S18,0,"Tottenville"
S18,1,"St. George"
S19,0,"Tottenville"
S19,1,"St. George"
S20,0,"Tottenville"
S20,1,"St. George"
S21,0,"Tottenville"
S21,1,"St. George"
S22,0,"Tottenville"
S22,1,"St. George"
S23,0,"Tottenville"
S23,1,"St. George"
S24,0,"Tottenville"
S24,1,"St. George"
S25,0,"Tottenville"
S25,1,"St. George"
S26,0,"Tottenville"
S26,1,"St. George"
S27,0,"Tottenville"
S27,1,"St. George"
S28,0,"Tottenville"
S28,1,"St. George"
S29,0,"Tottenville"
S29,1,"St. George"
S30,0,"Tottenville"
S30,1,"St. George"
S31,0,"Tottenville"
S31,1,"St. George"
